{"modificationTime":1493308545476,"categories":[{"name":"06 - Other","type":"layer","index":0},{"name":"02 - Colors","type":"color"},{"name":"01 - Text Styles","type":"textstyle"},{"name":"10 - Icons - Component","type":"layer"},{"name":"07 - Alerts","type":"layer"},{"name":"04 - Buttons","type":"layer"},{"name":"03 - Form","type":"layer"},{"name":"05 - Navigation","type":"layer"},{"name":"09 - Labels & Badges","type":"layer"},{"name":"08 - Progress Indicators","type":"layer"},{"name":"11 - Mixins","type":"layer"},{"name":"00 - Updates","type":"layer"}],"name":"Clarity","groups":[{"index":1,"category":"04 - Buttons","name":"Flat"},{"index":3,"category":"04 - Buttons","name":"Normal"},{"index":4,"category":"04 - Buttons","name":"Small"},{"index":0,"category":"09 - Labels & Badges","name":"Badge"},{"index":1,"category":"09 - Labels & Badges","name":"Label"},{"index":2,"category":"09 - Labels & Badges","name":"Label & Badge"},{"index":2,"category":"07 - Alerts","name":"Small"},{"index":1,"category":"07 - Alerts","name":"Normal"},{"index":0,"category":"07 - Alerts","name":"App"},{"index":3,"category":"07 - Alerts","name":"Tooltip"},{"index":0,"category":"10 - Icons - Component","name":"Caret"},{"index":0,"category":"10 - Icons - Component","name":"Caret"},{"index":1,"category":"10 - Icons - Component","name":"Checkbox"},{"index":0,"category":"11 - Mixins","name":"Solids"},{"index":1,"category":"11 - Mixins","name":"Outlines"},{"index":2,"category":"11 - Mixins","name":"Button Text"}]}