{"modificationTime":1497882926428,"categories":[{"id":"5B91AFC2-FE5A-4419-A07D-FB9EBE67EFCE","locked":false,"name":"Updates","type":"layer","index":0},{"id":"BAE44221-FE14-451E-9739-F0606C372CD9","name":"Text Styles","type":"textstyle","index":1},{"id":"F79F623C-9DDC-46EB-BDE4-BBCF5CF57539","name":"Colors","type":"color","index":2},{"id":"27C97985-36B8-4A63-AC46-5DC2D41428F5","name":"Form","type":"layer","index":3},{"id":"7EC1C14C-4883-4083-8873-46F0E9F7364C","name":"Buttons","type":"layer","index":4},{"id":"5509D61B-E74A-4356-9033-BFC5759D8DFF","name":"Navigation","type":"layer","index":5},{"id":"E40B2831-5311-40B5-A334-0A3F05225E22","name":"Other","type":"layer","index":6},{"id":"41451A14-1121-4B2D-BE92-2318555231AC","name":"Alerts","type":"layer","index":7},{"id":"3276C0E4-90B6-4D67-8C52-30D8D8FDF965","name":"Progress Indicators","type":"layer","index":8},{"id":"6F81C12B-DF71-403E-85C3-2219359591BE","name":"Labels & Badges","type":"layer","index":9},{"id":"9D530C63-F163-4E43-91B8-A2E40490247D","name":"Icons - Component","type":"layer","index":10},{"id":"A3D05585-4557-44B6-85E6-E663014A634D","name":"Mixins","type":"layer","index":11}],"name":"Clarity","groups":[{"id":"68EB1888-1B7F-4655-AD14-5EABFAEBAFE5","parentId":"7EC1C14C-4883-4083-8873-46F0E9F7364C","name":"Flat","index":1},{"id":"B112B674-8BAB-40F3-AD5A-274DA7607B0D","parentId":"7EC1C14C-4883-4083-8873-46F0E9F7364C","name":"Normal","index":3},{"id":"2893F32A-B731-47D2-9B02-741EF6E5A498","parentId":"7EC1C14C-4883-4083-8873-46F0E9F7364C","name":"Small","index":4},{"id":"766D850E-104E-4630-BE1F-21FBF6C03CA6","parentId":"6F81C12B-DF71-403E-85C3-2219359591BE","name":"Badge","index":0},{"id":"0FB38DBD-633F-4DB2-8D5D-EBEF6FE0BDF0","parentId":"6F81C12B-DF71-403E-85C3-2219359591BE","name":"Label","index":1},{"id":"CB9758F9-AE69-4BAA-9FB9-3B9B98F9B8F0","parentId":"6F81C12B-DF71-403E-85C3-2219359591BE","name":"Label & Badge","index":2},{"id":"9967C8BE-FB04-4C18-B9B1-91EF0C0CF6E8","parentId":"41451A14-1121-4B2D-BE92-2318555231AC","name":"Small","index":2},{"id":"4429361F-E06E-4F43-84EC-2AE03C27BE7F","parentId":"41451A14-1121-4B2D-BE92-2318555231AC","name":"Normal","index":1},{"id":"4860D4A9-6BF6-4F6F-A62D-24134D6CBBC8","parentId":"41451A14-1121-4B2D-BE92-2318555231AC","name":"App","index":0},{"id":"9096032D-192B-41AF-A4B5-8288D1B119FF","parentId":"41451A14-1121-4B2D-BE92-2318555231AC","name":"Tooltip","index":3},{"id":"2321E5D6-7436-49CD-B743-E4794CA55909","parentId":"9D530C63-F163-4E43-91B8-A2E40490247D","name":"Caret","index":0},{"id":"018B2119-B733-492B-8239-2165F6208A5F","parentId":"9D530C63-F163-4E43-91B8-A2E40490247D","name":"Checkbox","index":1},{"id":"5B09C35C-B566-4152-A3E4-1302B8008FF0","parentId":"A3D05585-4557-44B6-85E6-E663014A634D","name":"Solids","index":0},{"id":"0BC89357-DB20-4D08-8D2B-050D0FD806A1","parentId":"A3D05585-4557-44B6-85E6-E663014A634D","name":"Outlines","index":1},{"id":"29A72946-EDB9-4374-98DE-D5E88136685E","parentId":"A3D05585-4557-44B6-85E6-E663014A634D","name":"Button Text","index":2},{"id":"e0ce6a31-bf49-4f3f-8a4a-abeec7cef411","parentId":"9D530C63-F163-4E43-91B8-A2E40490247D","type":"layer","name":"Info","index":8},{"id":"2ea5478f-bda0-4399-b6fb-12d347e2e2e3","parentId":"F79F623C-9DDC-46EB-BDE4-BBCF5CF57539","type":"color","name":"Red","index":1},{"id":"5c1241e1-845a-482c-9d69-28675c81abd0","parentId":"F79F623C-9DDC-46EB-BDE4-BBCF5CF57539","type":"color","name":"Pink","index":2},{"id":"7133b82c-b212-45b1-895e-4135995079c5","parentId":"F79F623C-9DDC-46EB-BDE4-BBCF5CF57539","type":"color","name":"Purple","index":3},{"id":"ff6e540f-e8a8-4ead-aa0d-59efda68dae1","parentId":"F79F623C-9DDC-46EB-BDE4-BBCF5CF57539","type":"color","name":"Ultramarine","index":4},{"id":"4dffca1c-c7ca-4284-8210-e18d22959ba0","parentId":"F79F623C-9DDC-46EB-BDE4-BBCF5CF57539","type":"color","name":"Blue","index":5},{"id":"3ed78da7-74bf-4b9a-ab41-dea1ffef0e4c","parentId":"F79F623C-9DDC-46EB-BDE4-BBCF5CF57539","type":"color","name":"Base","index":0},{"id":"2f17b37b-75d1-423e-a18b-208699682a54","parentId":"F79F623C-9DDC-46EB-BDE4-BBCF5CF57539","type":"color","name":"Cyan","index":6},{"id":"acd5176d-26fc-4203-824f-438d95d8f40c","parentId":"F79F623C-9DDC-46EB-BDE4-BBCF5CF57539","type":"color","name":"Teal","index":7},{"id":"02aed80f-ca1f-4b10-ad53-cdd9caf01413","parentId":"F79F623C-9DDC-46EB-BDE4-BBCF5CF57539","type":"color","name":"Green","index":87},{"id":"ad3d92f6-5a01-4668-9775-96e2006e4578","parentId":"F79F623C-9DDC-46EB-BDE4-BBCF5CF57539","type":"color","name":"Yellow","index":97},{"id":"4a42eec4-73f0-4621-aef5-87541a5e0f8e","parentId":"F79F623C-9DDC-46EB-BDE4-BBCF5CF57539","type":"color","name":"Orange","index":107},{"id":"b311a324-36e2-4763-8928-2ae016c1febe","parentId":"F79F623C-9DDC-46EB-BDE4-BBCF5CF57539","type":"color","name":"Red-Orange","index":117},{"id":"af2518cf-1d9e-450a-92bb-7b49acfef488","parentId":"F79F623C-9DDC-46EB-BDE4-BBCF5CF57539","type":"color","name":"Warm-Grey","index":127},{"id":"5f1fcc73-f363-4f3c-932b-51323c7c68e5","parentId":"F79F623C-9DDC-46EB-BDE4-BBCF5CF57539","type":"color","name":"Neutral-Grey","index":136},{"id":"afd39f4e-2cb1-4cd1-9158-f011973034a4","parentId":"F79F623C-9DDC-46EB-BDE4-BBCF5CF57539","type":"color","name":"Cool-Grey","index":146},{"id":"47481100-8991-43d9-b8bd-a7c83d95cbce","parentId":"A3D05585-4557-44B6-85E6-E663014A634D","type":"layer","name":"Header Colors","index":3},{"id":"43c5faf4-023c-4453-88d8-a202682c9896","parentId":"A3D05585-4557-44B6-85E6-E663014A634D","type":"layer","name":"Alerts","index":5}],"version":2}